{
  "agent_name": "aspiration",
  "mene_regret": 0.0,
  "mene_regret_se": 0.0,
  "uw_percent": 63.434832955592334,
  "uw_percent_se": 9.923213158084627,
  "nw_percent": 63.29196225161455,
  "nw_percent_se": 11.852948359152284,
  "nwa_percent": 116.16924888448264,
  "nwa_percent_se": 24.64857789173256,
  "ef1_percent": 60.31760369568768,
  "ef1_percent_se": 16.627641939533135,
  "timestamp": "2026-01-13T07:53:39.087521",
  "assessment_id": "baseline_evaluation_20260111",
  "green_agent": "meta-game-negotiation-assessor"
}