{
  "agent_name": "soft",
  "mene_regret": 0.0,
  "mene_regret_se": 0.0,
  "uw_percent": 76.7022522159251,
  "uw_percent_se": 4.4454147984807335,
  "nw_percent": 64.15688457550813,
  "nw_percent_se": 8.400842793429529,
  "nwa_percent": 7.460824660116348,
  "nwa_percent_se": 23.593199149090413,
  "ef1_percent": 36.77025336123141,
  "ef1_percent_se": 5.7831465131667,
  "timestamp": "2026-01-13T07:53:39.087118",
  "assessment_id": "baseline_evaluation_20260111",
  "green_agent": "meta-game-negotiation-assessor"
}