{
  "agent_name": "tough",
  "mene_regret": 4.113081786272233e-09,
  "mene_regret_se": 1.3006706647174135e-08,
  "uw_percent": 104.50660905615918,
  "uw_percent_se": 10.795229965416855,
  "nw_percent": 104.58025355383673,
  "nw_percent_se": 11.531819999654871,
  "nwa_percent": 57.20906126687908,
  "nwa_percent_se": 49.60148194412331,
  "ef1_percent": 26.01456832064162,
  "ef1_percent_se": 18.8470311555016,
  "timestamp": "2026-01-13T07:53:39.087356",
  "assessment_id": "baseline_evaluation_20260111",
  "green_agent": "meta-game-negotiation-assessor"
}